{
	"name": "OEA_data_ingestion",
	"properties": {
		"activities": [
			{
				"name": "Ingest_schoolinfo",
				"type": "SynapseNotebook",
				"dependsOn": [],
				"policy": {
					"timeout": "0.12:00:00",
					"retry": 0,
					"retryIntervalInSeconds": 30,
					"secureOutput": false,
					"secureInput": false
				},
				"userProperties": [],
				"typeProperties": {
					"notebook": {
						"referenceName": "Ingest_schoolinfo",
						"type": "NotebookReference"
					},
					"snapshot": true,
					"sparkPool": {
						"referenceName": "spark3p1sm",
						"type": "BigDataPoolReference"
					},
					"executorSize": null,
					"driverSize": null
				}
			},
			{
				"name": "Ingest_students",
				"type": "SynapseNotebook",
				"dependsOn": [
					{
						"activity": "Ingest_schoolinfo",
						"dependencyConditions": [
							"Succeeded"
						]
					}
				],
				"policy": {
					"timeout": "0.12:00:00",
					"retry": 0,
					"retryIntervalInSeconds": 30,
					"secureOutput": false,
					"secureInput": false
				},
				"userProperties": [],
				"typeProperties": {
					"notebook": {
						"referenceName": "Ingest_students",
						"type": "NotebookReference"
					},
					"snapshot": true,
					"sparkPool": {
						"referenceName": "spark3p1sm",
						"type": "BigDataPoolReference"
					},
					"executorSize": null,
					"driverSize": null
				}
			},
			{
				"name": "Ingest_attendancesummary",
				"type": "SynapseNotebook",
				"dependsOn": [
					{
						"activity": "Ingest_students",
						"dependencyConditions": [
							"Succeeded"
						]
					}
				],
				"policy": {
					"timeout": "0.12:00:00",
					"retry": 0,
					"retryIntervalInSeconds": 30,
					"secureOutput": false,
					"secureInput": false
				},
				"userProperties": [],
				"typeProperties": {
					"notebook": {
						"referenceName": "Ingest_attendancesummary",
						"type": "NotebookReference"
					},
					"snapshot": true,
					"sparkPool": {
						"referenceName": "spark3p1sm",
						"type": "BigDataPoolReference"
					},
					"executorSize": null,
					"driverSize": null
				}
			},
			{
				"name": "Ingest_groups",
				"type": "SynapseNotebook",
				"dependsOn": [
					{
						"activity": "Ingest_attendancesummary",
						"dependencyConditions": [
							"Succeeded"
						]
					}
				],
				"policy": {
					"timeout": "0.12:00:00",
					"retry": 0,
					"retryIntervalInSeconds": 30,
					"secureOutput": false,
					"secureInput": false
				},
				"userProperties": [],
				"typeProperties": {
					"notebook": {
						"referenceName": "Ingest_groups",
						"type": "NotebookReference"
					},
					"snapshot": true,
					"sparkPool": {
						"referenceName": "spark3p1sm",
						"type": "BigDataPoolReference"
					},
					"executorSize": null,
					"driverSize": null
				}
			},
			{
				"name": "Ingest_HistoricalAttendanceSummary",
				"type": "SynapseNotebook",
				"dependsOn": [
					{
						"activity": "Ingest_groups",
						"dependencyConditions": [
							"Succeeded"
						]
					}
				],
				"policy": {
					"timeout": "0.12:00:00",
					"retry": 0,
					"retryIntervalInSeconds": 30,
					"secureOutput": false,
					"secureInput": false
				},
				"userProperties": [],
				"typeProperties": {
					"notebook": {
						"referenceName": "Ingest_HistoricalAttendanceSummary",
						"type": "NotebookReference"
					},
					"snapshot": true,
					"sparkPool": {
						"referenceName": "spark3p1sm",
						"type": "BigDataPoolReference"
					},
					"executorSize": null,
					"driverSize": null
				}
			},
			{
				"name": "Ingest_staff",
				"type": "SynapseNotebook",
				"dependsOn": [
					{
						"activity": "Ingest_HistoricalAttendanceSummary",
						"dependencyConditions": [
							"Succeeded"
						]
					}
				],
				"policy": {
					"timeout": "0.12:00:00",
					"retry": 0,
					"retryIntervalInSeconds": 30,
					"secureOutput": false,
					"secureInput": false
				},
				"userProperties": [],
				"typeProperties": {
					"notebook": {
						"referenceName": "Ingest_staff",
						"type": "NotebookReference"
					},
					"snapshot": true,
					"sparkPool": {
						"referenceName": "spark3p1sm",
						"type": "BigDataPoolReference"
					},
					"executorSize": null,
					"driverSize": null
				}
			},
			{
				"name": "Ingest_StudentMembers",
				"type": "SynapseNotebook",
				"dependsOn": [
					{
						"activity": "Ingest_staff",
						"dependencyConditions": [
							"Succeeded"
						]
					}
				],
				"policy": {
					"timeout": "0.12:00:00",
					"retry": 0,
					"retryIntervalInSeconds": 30,
					"secureOutput": false,
					"secureInput": false
				},
				"userProperties": [],
				"typeProperties": {
					"notebook": {
						"referenceName": "Ingest_StudentMembers",
						"type": "NotebookReference"
					},
					"snapshot": true,
					"sparkPool": {
						"referenceName": "spark3p1sm",
						"type": "BigDataPoolReference"
					},
					"executorSize": null,
					"driverSize": null
				}
			}
		],
		"annotations": [],
		"lastPublishTime": "2022-12-08T10:02:43Z"
	},
	"type": "Microsoft.Synapse/workspaces/pipelines"
}